{"best_fitness_so_far": -0.9375, "current_best_solution": [0.2038514737768895, -0.23666104352738282, -0.636298502343799, 0.25559873301409786, 0.758850845042357, 0.9041610717750455, -0.2172441560285292, 0.2644251636426336, 0.08016838450180175, -0.8437400813274643, 0.6738898744280786, 0.7506526902542534, 0.4651145675674462, -0.3485750790232165, 0.5304911063264031, 0.5127901207097147, -0.10049532578610676, -0.7984330789865066, 0.08711279274064854, -0.08999709243315945, 0.9338787673880509, -0.8758794352711605, -0.4333133719251352, -0.611133099949658, 0.059783125891076594, 0.11157644591825977, -0.1587557625504541, 0.6467107102313916, 0.13362600531555135, 0.0011890194511683383, -0.318476151696532, 0.5856692507205088, 0.5078673328989212]}