{"best_fitness_so_far": -0.0, "current_best_solution": [-0.886156507366098, 0.4053105806523063, -0.697377581265018, -0.040874852411796336, 0.758164030494527, 0.8778091510590251, -0.5488057491343372, -0.30430245692043023, -0.01197942660301643, 0.5746656520950431, 0.042659238307924285, 0.8748098663179393, -0.1532605488748604, 0.7284061589044464, 0.491716612444294, 0.29635334838837135, -0.7240739909121565, 0.37698049344265394, 0.5737147862334846, -0.044534457163498686, -0.18261614218744215, 0.6855105605709839, 0.5051008406976947, -0.455220203887283, 0.11497803062867873, -0.39847223816542887, -0.5689486363059775, 0.6261686725803994, 0.961495055731951, -0.3313049471653584, -0.7349714939709657, -0.5027381797360357, -0.9413499506985312]}