{
    "best_fitness_so_far": -1.0,
    "current_best_solution": [
        -0.500385860832228,
        0.5089464592468176,
        0.7748773666176292,
        -0.3635516104937191,
        0.9607687117051593,
        -0.9169120309480923,
        -0.9711473619702089,
        -0.882816483727705,
        -0.27629050765649765,
        -0.2587241304560761,
        -0.6876071547346327,
        0.8605931518228505,
        -0.5232905653139543,
        0.7203433844053144,
        -0.6469781417466371,
        -0.494344283407802,
        0.14226657279761334,
        0.11526514431929313,
        -0.4663816314014184,
        0.6259609188751523,
        -0.018712468657749337,
        -0.8248220377750268,
        -0.2428392297527091,
        -0.22554262077936227,
        0.9436780445041584,
        -0.9868213053344863,
        -0.043505299540343545,
        -0.6969940702963195,
        0.8811302702182775,
        -0.6640118298277167,
        0.05080791433285392,
        -0.4052754721176872,
        0.27336473406767636
    ]
}