{"best_fitness_so_far": -0.5, "current_best_solution": [0.6023305175666234, 0.3858842728237748, 0.18978865398988942, -0.20749347597030599, 0.9079007964863668, -0.713320369402693, 0.3358159455921774, 0.9654563596538122, 0.1507923454588631, -0.7282350895133132, -0.04637059694102996, -0.975953219809276, 0.3732528969838189, -0.0677387148168056, -0.973011262542816, 0.1210247151361219, -0.35434759885922285, -0.4352755059165545, -0.06742570306481244, -0.8862680829375758, 0.548201632955069, 0.5045568943738521, -0.8115403504516081, 0.2604918843445232, 0.6168671624304705, 0.6724449480972512, 0.17467164227267373, 0.9944058967895102, -0.3322042857083447, 0.22106269363179787, 0.48142390017376036, -0.3503799900512323, 0.8818045465648598]}