{"best_fitness_so_far": -0.875, "current_best_solution": [0.8481990764382208, -0.1881069119979928, 0.964803607545526, -0.6364751051817039, -0.37611015406535864, 0.8687460326900083, -0.14105832913746386, 0.9233847642421775, -0.43115976169597214, -0.9018430656147083, 0.022217927719548003, -0.11960830602269135, 0.34766158184066986, -0.7589122096944361, 0.5954745319240593, -0.2833812985577526, -0.7666950071216032, 0.4723762086641927, -0.5712204005494828, 0.41957787607402786, 0.9694515451161485, 0.1338814823085519, 0.6840568514728009, -0.22470045172636932, -0.9129362312422777, 0.7576739198426898, 0.2572408125783754, -0.7052079907086122, 0.9929824915200411, 0.4542098316163432, 0.6027556265377285, 0.6302441990515353, 0.4961490177307881]}