{"best_fitness_so_far": -1.0, "current_best_solution": [-0.3936080487993576, -0.506679374123264, 0.2121404337062791, -0.7095718865582765, 0.16345211647741942, -0.6626959152325385, -0.7209030383633463, 0.09593051840456779, -0.08286550985611774, -0.9953729242856462, 0.5670995332440216, 0.5732483267913626, -0.47862778111612836, -0.6252360456536672, -0.836315804857515, -0.6602152195814808, 0.9910020495145582, 0.8933946171295664, -0.6859141118423917, 0.8738043100734592, 0.20037320973184847, -0.5438709599316263, 0.017321799782836766, 0.8260513870826516, 0.9067022210947935, -0.057484280690918155, -0.05533036206250763, 0.1496003752073931, -0.918990017074069, 0.5867224825641411, -0.9755759942163176, 0.5362453684686439, 0.9698515262762115]}