{"best_fitness_so_far": -0.4375, "current_best_solution": [-0.9319578711014331, -0.030250217322885575, -0.24838578392788135, 0.4373898104942575, 0.7766838743220745, 0.5469508593002983, 0.34634168525569886, 0.7831956562300946, 0.6884159544350099, -0.6393253699307395, -0.9772588522769625, 0.4330826262262788, 0.05655196989357281, -0.5436156440581759, 0.07365384647605322, -0.5458841980810478, -0.07567138361452397, 0.17341135956052534, 0.6716941202014024, -0.7363292280845979, -0.6063962948845596, -0.3822854903928177, 0.389020665344715, -0.3591667897686839, 0.6484034152867859, -0.8631107105881117, -0.25053165702099833, -0.7427694150807778, 0.9558853707761104, 0.7213696817536979, 0.9316353468786862, -0.8797710665268406, 0.7041868867335412]}