{"best_fitness_so_far": -0.9375, "current_best_solution": [-0.6282935932811988, 0.6700923574219688, -0.9503067489311408, -0.006203739736664771, -0.39835631095457136, -0.16663658327272435, 0.4978352410525999, 0.8634064567866282, -0.8699223362907769, -0.1480939202630549, 0.6862348410477142, -0.5389140470760321, 0.9129857366844585, -0.39542173663531255, -0.5687146474074858, 0.3437138459219331, 0.17275817864673093, 0.697576054916484, 0.7283163844012972, 0.5953732557665925, -0.0581566608796491, 0.7798546020678672, 0.30150053814802313, 0.002391271183489474, 0.1427341528002175, -0.4777286325194794, 0.5493513905974194, -0.08599131905607771, -0.34944181791376683, 0.00933133523541163, 0.2609494634311682, 0.16232288608633172, 0.2916183296526915]}