{"best_fitness_so_far": -0.0, "current_best_solution": [0.3425466859257902, -0.951458054898451, -0.32242591888974403, 0.5244068087807381, 0.09333157827293803, -0.2389972842198913, -0.7444580545141943, 0.10945496991967696, 0.3038034380137775, 0.2983029112927831, -0.5358035687999416, -0.07668075567372368, 0.6891184845333189, 0.22648081308807821, 0.5420854553893715, 0.8642221643660357, -0.34794213816191966, 0.7611779434828847, 0.43500489475677084, 0.34225868938298976, 0.9222191366745807, -0.34936460634965405, -0.6713380186680962, 0.6275123543517365, 0.5750794970720141, 0.22985235792313197, 0.2814982077629147, 0.4422774506954916, 0.21282960273288043, -0.36218603714239417, 0.5755112514222582, 0.8716914698929417, -0.5640730773160318]}